timestamp,total_time,transient,intensity,weights,sigmas,boosts,max_rho_e,max_rho_i,config_json
2025-12-09T18:11:57,67.51,unstable,,"{""ee"": 600, ""ie"": 200, ""ei"": 400, ""ii"": 150}","{""ee"": 113, ""ie"": 113, ""ei"": 113, ""ii"": 113}","{""exc"": 3, ""inh"": 3}",358.8999938964844,312.5,"{""N"": 1000, ""dt"": 0.01, ""distance"": 770, ""dx"": 0.1, ""R"": 7, ""ALPHA"": 4, ""BETA"": 1, ""TAU"": 10, ""Rm"": 1, ""THRESHOLD"": 20, ""intensity"": 200, ""P"": 2, ""d_axon"": {""exc"": 100, ""inh"": 300}, ""rates"": {""exc"": 1, ""inh"": 1}, ""sigmas"": {""ee"": 113, ""ie"": 113, ""ei"": 113, ""ii"": 113}, ""weights"": {""ee"": 600, ""ie"": 200, ""ei"": 400, ""ii"": 150}, ""gamma"": {""exc"": 3, ""inh"": 3}, ""no_boost_weights"": {""ee"": 150, ""ie"": 150, ""ei"": 150, ""ii"": 150}, ""no_boost"": {""exc"": 1, ""inh"": 1}, ""MU_E"": 0.45, ""MU_I"": 0.54, ""STDEV_E"": 0.1, ""STDEV_I"": 0.1, ""RHEOBASE"": 5, ""PULSE"": 12, ""STEP"": ""1e-6""}"
2025-12-09T18:13:04,67.41,unstable,,"{""ee"": 600, ""ie"": 200, ""ei"": 400, ""ii"": 150}","{""ee"": 113, ""ie"": 113, ""ei"": 113, ""ii"": 113}","{""exc"": 3, ""inh"": 3}",666.7000122070312,620.0999755859375,"{""N"": 1000, ""dt"": 0.01, ""distance"": 770, ""dx"": 0.1, ""R"": 7, ""ALPHA"": 4, ""BETA"": 1, ""TAU"": 10, ""Rm"": 1, ""THRESHOLD"": 20, ""intensity"": 200, ""P"": 2, ""d_axon"": {""exc"": 100, ""inh"": 300}, ""rates"": {""exc"": 1, ""inh"": 1}, ""sigmas"": {""ee"": 113, ""ie"": 113, ""ei"": 113, ""ii"": 113}, ""weights"": {""ee"": 600, ""ie"": 200, ""ei"": 400, ""ii"": 150}, ""gamma"": {""exc"": 3, ""inh"": 3}, ""no_boost_weights"": {""ee"": 150, ""ie"": 150, ""ei"": 150, ""ii"": 150}, ""no_boost"": {""exc"": 1, ""inh"": 1}, ""MU_E"": 0.45, ""MU_I"": 0.54, ""STDEV_E"": 0.1, ""STDEV_I"": 0.1, ""RHEOBASE"": 5, ""PULSE"": 12, ""STEP"": ""1e-6""}"
2025-12-09T18:14:12,67.31,unstable,,"{""ee"": 600, ""ie"": 200, ""ei"": 400, ""ii"": 150}","{""ee"": 113, ""ie"": 113, ""ei"": 113, ""ii"": 113}","{""exc"": 3, ""inh"": 3}",769.9000244140625,769.9000244140625,"{""N"": 1000, ""dt"": 0.01, ""distance"": 770, ""dx"": 0.1, ""R"": 7, ""ALPHA"": 4, ""BETA"": 1, ""TAU"": 10, ""Rm"": 1, ""THRESHOLD"": 20, ""intensity"": 200, ""P"": 2, ""d_axon"": {""exc"": 100, ""inh"": 300}, ""rates"": {""exc"": 1, ""inh"": 1}, ""sigmas"": {""ee"": 113, ""ie"": 113, ""ei"": 113, ""ii"": 113}, ""weights"": {""ee"": 600, ""ie"": 200, ""ei"": 400, ""ii"": 150}, ""gamma"": {""exc"": 3, ""inh"": 3}, ""no_boost_weights"": {""ee"": 150, ""ie"": 150, ""ei"": 150, ""ii"": 150}, ""no_boost"": {""exc"": 1, ""inh"": 1}, ""MU_E"": 0.45, ""MU_I"": 0.54, ""STDEV_E"": 0.1, ""STDEV_I"": 0.1, ""RHEOBASE"": 5, ""PULSE"": 12, ""STEP"": ""1e-6""}"
2025-12-09T18:15:21,69.21,unstable,,"{""ee"": 600, ""ie"": 200, ""ei"": 400, ""ii"": 150}","{""ee"": 113, ""ie"": 113, ""ei"": 113, ""ii"": 113}","{""exc"": 3, ""inh"": 3}",769.9000244140625,769.9000244140625,"{""N"": 1000, ""dt"": 0.01, ""distance"": 770, ""dx"": 0.1, ""R"": 7, ""ALPHA"": 4, ""BETA"": 1, ""TAU"": 10, ""Rm"": 1, ""THRESHOLD"": 20, ""intensity"": 200, ""P"": 2, ""d_axon"": {""exc"": 100, ""inh"": 300}, ""rates"": {""exc"": 1, ""inh"": 1}, ""sigmas"": {""ee"": 113, ""ie"": 113, ""ei"": 113, ""ii"": 113}, ""weights"": {""ee"": 600, ""ie"": 200, ""ei"": 400, ""ii"": 150}, ""gamma"": {""exc"": 3, ""inh"": 3}, ""no_boost_weights"": {""ee"": 150, ""ie"": 150, ""ei"": 150, ""ii"": 150}, ""no_boost"": {""exc"": 1, ""inh"": 1}, ""MU_E"": 0.45, ""MU_I"": 0.54, ""STDEV_E"": 0.1, ""STDEV_I"": 0.1, ""RHEOBASE"": 5, ""PULSE"": 12, ""STEP"": ""1e-6""}"
2025-12-09T18:16:29,67.38,unstable,,"{""ee"": 600, ""ie"": 200, ""ei"": 400, ""ii"": 150}","{""ee"": 113, ""ie"": 113, ""ei"": 113, ""ii"": 113}","{""exc"": 3, ""inh"": 3}",769.9000244140625,769.9000244140625,"{""N"": 1000, ""dt"": 0.01, ""distance"": 770, ""dx"": 0.1, ""R"": 7, ""ALPHA"": 4, ""BETA"": 1, ""TAU"": 10, ""Rm"": 1, ""THRESHOLD"": 20, ""intensity"": 200, ""P"": 2, ""d_axon"": {""exc"": 100, ""inh"": 300}, ""rates"": {""exc"": 1, ""inh"": 1}, ""sigmas"": {""ee"": 113, ""ie"": 113, ""ei"": 113, ""ii"": 113}, ""weights"": {""ee"": 600, ""ie"": 200, ""ei"": 400, ""ii"": 150}, ""gamma"": {""exc"": 3, ""inh"": 3}, ""no_boost_weights"": {""ee"": 150, ""ie"": 150, ""ei"": 150, ""ii"": 150}, ""no_boost"": {""exc"": 1, ""inh"": 1}, ""MU_E"": 0.45, ""MU_I"": 0.54, ""STDEV_E"": 0.1, ""STDEV_I"": 0.1, ""RHEOBASE"": 5, ""PULSE"": 12, ""STEP"": ""1e-6""}"
2025-12-09T18:17:36,67.29,unstable,,"{""ee"": 600, ""ie"": 200, ""ei"": 400, ""ii"": 150}","{""ee"": 113, ""ie"": 113, ""ei"": 113, ""ii"": 113}","{""exc"": 3, ""inh"": 3}",769.9000244140625,769.9000244140625,"{""N"": 1000, ""dt"": 0.01, ""distance"": 770, ""dx"": 0.1, ""R"": 7, ""ALPHA"": 4, ""BETA"": 1, ""TAU"": 10, ""Rm"": 1, ""THRESHOLD"": 20, ""intensity"": 200, ""P"": 2, ""d_axon"": {""exc"": 100, ""inh"": 300}, ""rates"": {""exc"": 1, ""inh"": 1}, ""sigmas"": {""ee"": 113, ""ie"": 113, ""ei"": 113, ""ii"": 113}, ""weights"": {""ee"": 600, ""ie"": 200, ""ei"": 400, ""ii"": 150}, ""gamma"": {""exc"": 3, ""inh"": 3}, ""no_boost_weights"": {""ee"": 150, ""ie"": 150, ""ei"": 150, ""ii"": 150}, ""no_boost"": {""exc"": 1, ""inh"": 1}, ""MU_E"": 0.45, ""MU_I"": 0.54, ""STDEV_E"": 0.1, ""STDEV_I"": 0.1, ""RHEOBASE"": 5, ""PULSE"": 12, ""STEP"": ""1e-6""}"
2025-12-09T18:18:43,67.27,unstable,,"{""ee"": 600, ""ie"": 200, ""ei"": 400, ""ii"": 150}","{""ee"": 113, ""ie"": 113, ""ei"": 113, ""ii"": 113}","{""exc"": 3, ""inh"": 3}",769.9000244140625,769.9000244140625,"{""N"": 1000, ""dt"": 0.01, ""distance"": 770, ""dx"": 0.1, ""R"": 7, ""ALPHA"": 4, ""BETA"": 1, ""TAU"": 10, ""Rm"": 1, ""THRESHOLD"": 20, ""intensity"": 200, ""P"": 2, ""d_axon"": {""exc"": 100, ""inh"": 300}, ""rates"": {""exc"": 1, ""inh"": 1}, ""sigmas"": {""ee"": 113, ""ie"": 113, ""ei"": 113, ""ii"": 113}, ""weights"": {""ee"": 600, ""ie"": 200, ""ei"": 400, ""ii"": 150}, ""gamma"": {""exc"": 3, ""inh"": 3}, ""no_boost_weights"": {""ee"": 150, ""ie"": 150, ""ei"": 150, ""ii"": 150}, ""no_boost"": {""exc"": 1, ""inh"": 1}, ""MU_E"": 0.45, ""MU_I"": 0.54, ""STDEV_E"": 0.1, ""STDEV_I"": 0.1, ""RHEOBASE"": 5, ""PULSE"": 12, ""STEP"": ""1e-6""}"
2025-12-09T18:26:14,67.4,stable,,"{""ee"": 400, ""ie"": 200, ""ei"": 400, ""ii"": 150}","{""ee"": 113, ""ie"": 113, ""ei"": 113, ""ii"": 113}","{""exc"": 3, ""inh"": 3}",28.399999618530273,52.099998474121094,"{""N"": 1000, ""dt"": 0.01, ""distance"": 770, ""dx"": 0.1, ""R"": 7, ""ALPHA"": 4, ""BETA"": 1, ""TAU"": 10, ""Rm"": 1, ""THRESHOLD"": 20, ""intensity"": 200, ""P"": 2, ""d_axon"": {""exc"": 100, ""inh"": 300}, ""rates"": {""exc"": 1, ""inh"": 1}, ""sigmas"": {""ee"": 113, ""ie"": 113, ""ei"": 113, ""ii"": 113}, ""weights"": {""ee"": 400, ""ie"": 200, ""ei"": 400, ""ii"": 150}, ""gamma"": {""exc"": 3, ""inh"": 3}, ""no_boost_weights"": {""ee"": 150, ""ie"": 150, ""ei"": 150, ""ii"": 150}, ""no_boost"": {""exc"": 1, ""inh"": 1}, ""MU_E"": 0.45, ""MU_I"": 0.54, ""STDEV_E"": 0.1, ""STDEV_I"": 0.1, ""RHEOBASE"": 5, ""PULSE"": 12, ""STEP"": ""1e-6""}"
2025-12-09T18:27:22,67.78,stable,,"{""ee"": 400, ""ie"": 200, ""ei"": 400, ""ii"": 150}","{""ee"": 113, ""ie"": 113, ""ei"": 113, ""ii"": 113}","{""exc"": 3, ""inh"": 3}",41.79999923706055,75.30000305175781,"{""N"": 1000, ""dt"": 0.01, ""distance"": 770, ""dx"": 0.1, ""R"": 7, ""ALPHA"": 4, ""BETA"": 1, ""TAU"": 10, ""Rm"": 1, ""THRESHOLD"": 20, ""intensity"": 200, ""P"": 2, ""d_axon"": {""exc"": 100, ""inh"": 300}, ""rates"": {""exc"": 1, ""inh"": 1}, ""sigmas"": {""ee"": 113, ""ie"": 113, ""ei"": 113, ""ii"": 113}, ""weights"": {""ee"": 400, ""ie"": 200, ""ei"": 400, ""ii"": 150}, ""gamma"": {""exc"": 3, ""inh"": 3}, ""no_boost_weights"": {""ee"": 150, ""ie"": 150, ""ei"": 150, ""ii"": 150}, ""no_boost"": {""exc"": 1, ""inh"": 1}, ""MU_E"": 0.45, ""MU_I"": 0.54, ""STDEV_E"": 0.1, ""STDEV_I"": 0.1, ""RHEOBASE"": 5, ""PULSE"": 12, ""STEP"": ""1e-6""}"
2025-12-09T18:29:05,67.29,stable,10,"{""ee"": 400, ""ie"": 200, ""ei"": 400, ""ii"": 150}","{""ee"": 113, ""ie"": 113, ""ei"": 113, ""ii"": 113}","{""exc"": 3, ""inh"": 3}",28.399999618530273,52.099998474121094,"{""N"": 1000, ""dt"": 0.01, ""distance"": 770, ""dx"": 0.1, ""R"": 7, ""ALPHA"": 4, ""BETA"": 1, ""TAU"": 10, ""Rm"": 1, ""THRESHOLD"": 20, ""intensity"": 200, ""P"": 2, ""d_axon"": {""exc"": 100, ""inh"": 300}, ""rates"": {""exc"": 1, ""inh"": 1}, ""sigmas"": {""ee"": 113, ""ie"": 113, ""ei"": 113, ""ii"": 113}, ""weights"": {""ee"": 400, ""ie"": 200, ""ei"": 400, ""ii"": 150}, ""gamma"": {""exc"": 3, ""inh"": 3}, ""no_boost_weights"": {""ee"": 150, ""ie"": 150, ""ei"": 150, ""ii"": 150}, ""no_boost"": {""exc"": 1, ""inh"": 1}, ""MU_E"": 0.45, ""MU_I"": 0.54, ""STDEV_E"": 0.1, ""STDEV_I"": 0.1, ""RHEOBASE"": 5, ""PULSE"": 12, ""STEP"": ""1e-6""}"
2025-12-09T18:30:13,67.35,stable,20,"{""ee"": 400, ""ie"": 200, ""ei"": 400, ""ii"": 150}","{""ee"": 113, ""ie"": 113, ""ei"": 113, ""ii"": 113}","{""exc"": 3, ""inh"": 3}",41.79999923706055,75.30000305175781,"{""N"": 1000, ""dt"": 0.01, ""distance"": 770, ""dx"": 0.1, ""R"": 7, ""ALPHA"": 4, ""BETA"": 1, ""TAU"": 10, ""Rm"": 1, ""THRESHOLD"": 20, ""intensity"": 200, ""P"": 2, ""d_axon"": {""exc"": 100, ""inh"": 300}, ""rates"": {""exc"": 1, ""inh"": 1}, ""sigmas"": {""ee"": 113, ""ie"": 113, ""ei"": 113, ""ii"": 113}, ""weights"": {""ee"": 400, ""ie"": 200, ""ei"": 400, ""ii"": 150}, ""gamma"": {""exc"": 3, ""inh"": 3}, ""no_boost_weights"": {""ee"": 150, ""ie"": 150, ""ei"": 150, ""ii"": 150}, ""no_boost"": {""exc"": 1, ""inh"": 1}, ""MU_E"": 0.45, ""MU_I"": 0.54, ""STDEV_E"": 0.1, ""STDEV_I"": 0.1, ""RHEOBASE"": 5, ""PULSE"": 12, ""STEP"": ""1e-6""}"
2025-12-09T18:31:20,67.27,stable,50,"{""ee"": 400, ""ie"": 200, ""ei"": 400, ""ii"": 150}","{""ee"": 113, ""ie"": 113, ""ei"": 113, ""ii"": 113}","{""exc"": 3, ""inh"": 3}",68.4000015258789,121.4000015258789,"{""N"": 1000, ""dt"": 0.01, ""distance"": 770, ""dx"": 0.1, ""R"": 7, ""ALPHA"": 4, ""BETA"": 1, ""TAU"": 10, ""Rm"": 1, ""THRESHOLD"": 20, ""intensity"": 200, ""P"": 2, ""d_axon"": {""exc"": 100, ""inh"": 300}, ""rates"": {""exc"": 1, ""inh"": 1}, ""sigmas"": {""ee"": 113, ""ie"": 113, ""ei"": 113, ""ii"": 113}, ""weights"": {""ee"": 400, ""ie"": 200, ""ei"": 400, ""ii"": 150}, ""gamma"": {""exc"": 3, ""inh"": 3}, ""no_boost_weights"": {""ee"": 150, ""ie"": 150, ""ei"": 150, ""ii"": 150}, ""no_boost"": {""exc"": 1, ""inh"": 1}, ""MU_E"": 0.45, ""MU_I"": 0.54, ""STDEV_E"": 0.1, ""STDEV_I"": 0.1, ""RHEOBASE"": 5, ""PULSE"": 12, ""STEP"": ""1e-6""}"
2025-12-09T18:32:28,67.61,stable,100,"{""ee"": 400, ""ie"": 200, ""ei"": 400, ""ii"": 150}","{""ee"": 113, ""ie"": 113, ""ei"": 113, ""ii"": 113}","{""exc"": 3, ""inh"": 3}",98.4000015258789,173.39999389648438,"{""N"": 1000, ""dt"": 0.01, ""distance"": 770, ""dx"": 0.1, ""R"": 7, ""ALPHA"": 4, ""BETA"": 1, ""TAU"": 10, ""Rm"": 1, ""THRESHOLD"": 20, ""intensity"": 200, ""P"": 2, ""d_axon"": {""exc"": 100, ""inh"": 300}, ""rates"": {""exc"": 1, ""inh"": 1}, ""sigmas"": {""ee"": 113, ""ie"": 113, ""ei"": 113, ""ii"": 113}, ""weights"": {""ee"": 400, ""ie"": 200, ""ei"": 400, ""ii"": 150}, ""gamma"": {""exc"": 3, ""inh"": 3}, ""no_boost_weights"": {""ee"": 150, ""ie"": 150, ""ei"": 150, ""ii"": 150}, ""no_boost"": {""exc"": 1, ""inh"": 1}, ""MU_E"": 0.45, ""MU_I"": 0.54, ""STDEV_E"": 0.1, ""STDEV_I"": 0.1, ""RHEOBASE"": 5, ""PULSE"": 12, ""STEP"": ""1e-6""}"
2025-12-09T18:33:35,67.2,stable,200,"{""ee"": 400, ""ie"": 200, ""ei"": 400, ""ii"": 150}","{""ee"": 113, ""ie"": 113, ""ei"": 113, ""ii"": 113}","{""exc"": 3, ""inh"": 3}",168.10000610351562,246.89999389648438,"{""N"": 1000, ""dt"": 0.01, ""distance"": 770, ""dx"": 0.1, ""R"": 7, ""ALPHA"": 4, ""BETA"": 1, ""TAU"": 10, ""Rm"": 1, ""THRESHOLD"": 20, ""intensity"": 200, ""P"": 2, ""d_axon"": {""exc"": 100, ""inh"": 300}, ""rates"": {""exc"": 1, ""inh"": 1}, ""sigmas"": {""ee"": 113, ""ie"": 113, ""ei"": 113, ""ii"": 113}, ""weights"": {""ee"": 400, ""ie"": 200, ""ei"": 400, ""ii"": 150}, ""gamma"": {""exc"": 3, ""inh"": 3}, ""no_boost_weights"": {""ee"": 150, ""ie"": 150, ""ei"": 150, ""ii"": 150}, ""no_boost"": {""exc"": 1, ""inh"": 1}, ""MU_E"": 0.45, ""MU_I"": 0.54, ""STDEV_E"": 0.1, ""STDEV_I"": 0.1, ""RHEOBASE"": 5, ""PULSE"": 12, ""STEP"": ""1e-6""}"
2025-12-09T18:34:42,67.01,stable,500,"{""ee"": 400, ""ie"": 200, ""ei"": 400, ""ii"": 150}","{""ee"": 113, ""ie"": 113, ""ei"": 113, ""ii"": 113}","{""exc"": 3, ""inh"": 3}",277.20001220703125,392.79998779296875,"{""N"": 1000, ""dt"": 0.01, ""distance"": 770, ""dx"": 0.1, ""R"": 7, ""ALPHA"": 4, ""BETA"": 1, ""TAU"": 10, ""Rm"": 1, ""THRESHOLD"": 20, ""intensity"": 200, ""P"": 2, ""d_axon"": {""exc"": 100, ""inh"": 300}, ""rates"": {""exc"": 1, ""inh"": 1}, ""sigmas"": {""ee"": 113, ""ie"": 113, ""ei"": 113, ""ii"": 113}, ""weights"": {""ee"": 400, ""ie"": 200, ""ei"": 400, ""ii"": 150}, ""gamma"": {""exc"": 3, ""inh"": 3}, ""no_boost_weights"": {""ee"": 150, ""ie"": 150, ""ei"": 150, ""ii"": 150}, ""no_boost"": {""exc"": 1, ""inh"": 1}, ""MU_E"": 0.45, ""MU_I"": 0.54, ""STDEV_E"": 0.1, ""STDEV_I"": 0.1, ""RHEOBASE"": 5, ""PULSE"": 12, ""STEP"": ""1e-6""}"
2025-12-09T18:35:49,67.07,stable,1000,"{""ee"": 400, ""ie"": 200, ""ei"": 400, ""ii"": 150}","{""ee"": 113, ""ie"": 113, ""ei"": 113, ""ii"": 113}","{""exc"": 3, ""inh"": 3}",361.8999938964844,557.2000122070312,"{""N"": 1000, ""dt"": 0.01, ""distance"": 770, ""dx"": 0.1, ""R"": 7, ""ALPHA"": 4, ""BETA"": 1, ""TAU"": 10, ""Rm"": 1, ""THRESHOLD"": 20, ""intensity"": 200, ""P"": 2, ""d_axon"": {""exc"": 100, ""inh"": 300}, ""rates"": {""exc"": 1, ""inh"": 1}, ""sigmas"": {""ee"": 113, ""ie"": 113, ""ei"": 113, ""ii"": 113}, ""weights"": {""ee"": 400, ""ie"": 200, ""ei"": 400, ""ii"": 150}, ""gamma"": {""exc"": 3, ""inh"": 3}, ""no_boost_weights"": {""ee"": 150, ""ie"": 150, ""ei"": 150, ""ii"": 150}, ""no_boost"": {""exc"": 1, ""inh"": 1}, ""MU_E"": 0.45, ""MU_I"": 0.54, ""STDEV_E"": 0.1, ""STDEV_I"": 0.1, ""RHEOBASE"": 5, ""PULSE"": 12, ""STEP"": ""1e-6""}"
2025-12-09T19:05:15,68.03,stable,10,"{""ee"": 500, ""ie"": 200, ""ei"": 400, ""ii"": 150}","{""ee"": 113, ""ie"": 113, ""ei"": 113, ""ii"": 113}","{""exc"": 3, ""inh"": 3}",28.399999618530273,52.099998474121094,"{""N"": 1000, ""dt"": 0.01, ""distance"": 770, ""dx"": 0.1, ""R"": 7, ""ALPHA"": 4, ""BETA"": 1, ""TAU"": 10, ""Rm"": 1, ""THRESHOLD"": 20, ""intensity"": 200, ""P"": 2, ""d_axon"": {""exc"": 100, ""inh"": 300}, ""rates"": {""exc"": 1, ""inh"": 1}, ""sigmas"": {""ee"": 113, ""ie"": 113, ""ei"": 113, ""ii"": 113}, ""weights"": {""ee"": 500, ""ie"": 200, ""ei"": 400, ""ii"": 150}, ""gamma"": {""exc"": 3, ""inh"": 3}, ""no_boost_weights"": {""ee"": 150, ""ie"": 150, ""ei"": 150, ""ii"": 150}, ""no_boost"": {""exc"": 1, ""inh"": 1}, ""MU_E"": 0.45, ""MU_I"": 0.54, ""STDEV_E"": 0.1, ""STDEV_I"": 0.1, ""RHEOBASE"": 5, ""PULSE"": 12, ""STEP"": ""1e-6""}"
2025-12-09T19:06:22,67.21,stable,20,"{""ee"": 500, ""ie"": 200, ""ei"": 400, ""ii"": 150}","{""ee"": 113, ""ie"": 113, ""ei"": 113, ""ii"": 113}","{""exc"": 3, ""inh"": 3}",76.19999694824219,88.30000305175781,"{""N"": 1000, ""dt"": 0.01, ""distance"": 770, ""dx"": 0.1, ""R"": 7, ""ALPHA"": 4, ""BETA"": 1, ""TAU"": 10, ""Rm"": 1, ""THRESHOLD"": 20, ""intensity"": 200, ""P"": 2, ""d_axon"": {""exc"": 100, ""inh"": 300}, ""rates"": {""exc"": 1, ""inh"": 1}, ""sigmas"": {""ee"": 113, ""ie"": 113, ""ei"": 113, ""ii"": 113}, ""weights"": {""ee"": 500, ""ie"": 200, ""ei"": 400, ""ii"": 150}, ""gamma"": {""exc"": 3, ""inh"": 3}, ""no_boost_weights"": {""ee"": 150, ""ie"": 150, ""ei"": 150, ""ii"": 150}, ""no_boost"": {""exc"": 1, ""inh"": 1}, ""MU_E"": 0.45, ""MU_I"": 0.54, ""STDEV_E"": 0.1, ""STDEV_I"": 0.1, ""RHEOBASE"": 5, ""PULSE"": 12, ""STEP"": ""1e-6""}"
2025-12-09T19:07:30,67.28,unstable,50,"{""ee"": 500, ""ie"": 200, ""ei"": 400, ""ii"": 150}","{""ee"": 113, ""ie"": 113, ""ei"": 113, ""ii"": 113}","{""exc"": 3, ""inh"": 3}",424.6000061035156,408.20001220703125,"{""N"": 1000, ""dt"": 0.01, ""distance"": 770, ""dx"": 0.1, ""R"": 7, ""ALPHA"": 4, ""BETA"": 1, ""TAU"": 10, ""Rm"": 1, ""THRESHOLD"": 20, ""intensity"": 200, ""P"": 2, ""d_axon"": {""exc"": 100, ""inh"": 300}, ""rates"": {""exc"": 1, ""inh"": 1}, ""sigmas"": {""ee"": 113, ""ie"": 113, ""ei"": 113, ""ii"": 113}, ""weights"": {""ee"": 500, ""ie"": 200, ""ei"": 400, ""ii"": 150}, ""gamma"": {""exc"": 3, ""inh"": 3}, ""no_boost_weights"": {""ee"": 150, ""ie"": 150, ""ei"": 150, ""ii"": 150}, ""no_boost"": {""exc"": 1, ""inh"": 1}, ""MU_E"": 0.45, ""MU_I"": 0.54, ""STDEV_E"": 0.1, ""STDEV_I"": 0.1, ""RHEOBASE"": 5, ""PULSE"": 12, ""STEP"": ""1e-6""}"
2025-12-09T19:08:37,67.3,unstable,100,"{""ee"": 500, ""ie"": 200, ""ei"": 400, ""ii"": 150}","{""ee"": 113, ""ie"": 113, ""ei"": 113, ""ii"": 113}","{""exc"": 3, ""inh"": 3}",540.0999755859375,524.2000122070312,"{""N"": 1000, ""dt"": 0.01, ""distance"": 770, ""dx"": 0.1, ""R"": 7, ""ALPHA"": 4, ""BETA"": 1, ""TAU"": 10, ""Rm"": 1, ""THRESHOLD"": 20, ""intensity"": 200, ""P"": 2, ""d_axon"": {""exc"": 100, ""inh"": 300}, ""rates"": {""exc"": 1, ""inh"": 1}, ""sigmas"": {""ee"": 113, ""ie"": 113, ""ei"": 113, ""ii"": 113}, ""weights"": {""ee"": 500, ""ie"": 200, ""ei"": 400, ""ii"": 150}, ""gamma"": {""exc"": 3, ""inh"": 3}, ""no_boost_weights"": {""ee"": 150, ""ie"": 150, ""ei"": 150, ""ii"": 150}, ""no_boost"": {""exc"": 1, ""inh"": 1}, ""MU_E"": 0.45, ""MU_I"": 0.54, ""STDEV_E"": 0.1, ""STDEV_I"": 0.1, ""RHEOBASE"": 5, ""PULSE"": 12, ""STEP"": ""1e-6""}"
2025-12-09T19:09:44,67.36,unstable,200,"{""ee"": 500, ""ie"": 200, ""ei"": 400, ""ii"": 150}","{""ee"": 113, ""ie"": 113, ""ei"": 113, ""ii"": 113}","{""exc"": 3, ""inh"": 3}",604.4000244140625,590.4000244140625,"{""N"": 1000, ""dt"": 0.01, ""distance"": 770, ""dx"": 0.1, ""R"": 7, ""ALPHA"": 4, ""BETA"": 1, ""TAU"": 10, ""Rm"": 1, ""THRESHOLD"": 20, ""intensity"": 200, ""P"": 2, ""d_axon"": {""exc"": 100, ""inh"": 300}, ""rates"": {""exc"": 1, ""inh"": 1}, ""sigmas"": {""ee"": 113, ""ie"": 113, ""ei"": 113, ""ii"": 113}, ""weights"": {""ee"": 500, ""ie"": 200, ""ei"": 400, ""ii"": 150}, ""gamma"": {""exc"": 3, ""inh"": 3}, ""no_boost_weights"": {""ee"": 150, ""ie"": 150, ""ei"": 150, ""ii"": 150}, ""no_boost"": {""exc"": 1, ""inh"": 1}, ""MU_E"": 0.45, ""MU_I"": 0.54, ""STDEV_E"": 0.1, ""STDEV_I"": 0.1, ""RHEOBASE"": 5, ""PULSE"": 12, ""STEP"": ""1e-6""}"
2025-12-09T19:10:52,67.29,unstable,500,"{""ee"": 500, ""ie"": 200, ""ei"": 400, ""ii"": 150}","{""ee"": 113, ""ie"": 113, ""ei"": 113, ""ii"": 113}","{""exc"": 3, ""inh"": 3}",641.7000122070312,634.7000122070312,"{""N"": 1000, ""dt"": 0.01, ""distance"": 770, ""dx"": 0.1, ""R"": 7, ""ALPHA"": 4, ""BETA"": 1, ""TAU"": 10, ""Rm"": 1, ""THRESHOLD"": 20, ""intensity"": 200, ""P"": 2, ""d_axon"": {""exc"": 100, ""inh"": 300}, ""rates"": {""exc"": 1, ""inh"": 1}, ""sigmas"": {""ee"": 113, ""ie"": 113, ""ei"": 113, ""ii"": 113}, ""weights"": {""ee"": 500, ""ie"": 200, ""ei"": 400, ""ii"": 150}, ""gamma"": {""exc"": 3, ""inh"": 3}, ""no_boost_weights"": {""ee"": 150, ""ie"": 150, ""ei"": 150, ""ii"": 150}, ""no_boost"": {""exc"": 1, ""inh"": 1}, ""MU_E"": 0.45, ""MU_I"": 0.54, ""STDEV_E"": 0.1, ""STDEV_I"": 0.1, ""RHEOBASE"": 5, ""PULSE"": 12, ""STEP"": ""1e-6""}"
2025-12-09T19:11:59,67.2,stable,1000,"{""ee"": 500, ""ie"": 200, ""ei"": 400, ""ii"": 150}","{""ee"": 113, ""ie"": 113, ""ei"": 113, ""ii"": 113}","{""exc"": 3, ""inh"": 3}",662.0,666.5999755859375,"{""N"": 1000, ""dt"": 0.01, ""distance"": 770, ""dx"": 0.1, ""R"": 7, ""ALPHA"": 4, ""BETA"": 1, ""TAU"": 10, ""Rm"": 1, ""THRESHOLD"": 20, ""intensity"": 200, ""P"": 2, ""d_axon"": {""exc"": 100, ""inh"": 300}, ""rates"": {""exc"": 1, ""inh"": 1}, ""sigmas"": {""ee"": 113, ""ie"": 113, ""ei"": 113, ""ii"": 113}, ""weights"": {""ee"": 500, ""ie"": 200, ""ei"": 400, ""ii"": 150}, ""gamma"": {""exc"": 3, ""inh"": 3}, ""no_boost_weights"": {""ee"": 150, ""ie"": 150, ""ei"": 150, ""ii"": 150}, ""no_boost"": {""exc"": 1, ""inh"": 1}, ""MU_E"": 0.45, ""MU_I"": 0.54, ""STDEV_E"": 0.1, ""STDEV_I"": 0.1, ""RHEOBASE"": 5, ""PULSE"": 12, ""STEP"": ""1e-6""}"
2025-12-17T09:47:16,0.41,stable,200,"{""ee"": 500, ""ie"": 200, ""ei"": 400, ""ii"": 150}","{""ee"": 113, ""ie"": 113, ""ei"": 113, ""ii"": 113}","{""exc"": 3, ""inh"": 3}",0.0,0.0,"{""N"": 1000, ""dt"": 0.01, ""distance"": 770, ""dx"": 0.1, ""R"": 7, ""ALPHA"": 4, ""BETA"": 1, ""TAU"": 10, ""Rm"": 1, ""THRESHOLD"": 20, ""intensity"": 200, ""P"": 2, ""d_axon"": {""exc"": 100, ""inh"": 300}, ""rates"": {""exc"": 1, ""inh"": 1}, ""sigmas"": {""ee"": 113, ""ie"": 113, ""ei"": 113, ""ii"": 113}, ""weights"": {""ee"": 500, ""ie"": 200, ""ei"": 400, ""ii"": 150}, ""gamma"": {""exc"": 3, ""inh"": 3}, ""no_boost_weights"": {""ee"": 150, ""ie"": 150, ""ei"": 150, ""ii"": 150}, ""no_boost"": {""exc"": 1, ""inh"": 1}, ""MU_E"": 0.45, ""MU_I"": 0.54, ""STDEV_E"": 0.1, ""STDEV_I"": 0.1, ""RHEOBASE"": 5, ""PULSE"": 12, ""STEP"": ""1e-6""}"
